date	open	high	low	close	volume	symbol
2013-03-01	200.65	202.94	199.36	202.91	3309434	NYSE:IBM
2013-03-04	202.59	205.19	202.55	205.19	3693365	NYSE:IBM
2013-03-05	205.86	207.7	205.69	206.53	3807706	NYSE:IBM
2013-03-06	207.03	208.49	206.66	208.38	3594899	NYSE:IBM
2013-03-07	208.29	209.6	208.24	209.42	3884317	NYSE:IBM
2013-03-08	209.85	210.74	209.43	210.38	3700986	NYSE:IBM
2013-03-11	210.04	210.2	209.04	210.08	3049701	NYSE:IBM
2013-03-12	209.4	210.73	209.09	210.55	3592096	NYSE:IBM
2013-03-13	210.2	212.36	209.77	212.06	3357146	NYSE:IBM
2013-03-14	212.15	215.86	212.15	215.8	5506969	NYSE:IBM
2013-03-15	215.38	215.9	213.41	214.92	7937244	NYSE:IBM
2013-03-18	212.9	214.5	212.64	213.21	3006125	NYSE:IBM
2013-03-19	214.13	215.12	211.83	213.44	3198877	NYSE:IBM
2013-03-20	214.76	215.82	214.3	215.06	3020648	NYSE:IBM
2013-03-21	212.96	213	210.11	212.26	5830566	NYSE:IBM
2013-03-22	212.21	213.17	211.62	212.08	3031457	NYSE:IBM
2013-03-25	212.54	212.81	210.05	210.74	3242463	NYSE:IBM
2013-03-26	211.77	212.5	211.5	212.36	2300240	NYSE:IBM
2013-03-27	210.96	212.16	210.1	210.89	3223381	NYSE:IBM
2013-03-28	209.83	213.44	209.74	213.3	3752999	NYSE:IBM
2013-04-01	212.8	213.5	211.25	212.38	2144926	NYSE:IBM
2013-04-02	212.92	214.71	211.57	214.36	3117150	NYSE:IBM
2013-04-03	214.32	214.89	212.63	212.66	3128818	NYSE:IBM
2013-04-04	212.77	212.93	210.04	211.31	3709490	NYSE:IBM
2013-04-05	209.1	209.84	206.34	209.41	4148177	NYSE:IBM
2013-04-08	209.07	209.32	207.33	209.32	2351166	NYSE:IBM
2013-04-09	209.56	210	208.61	209.22	2577249	NYSE:IBM
2013-04-10	211.86	212.51	210.47	212	3524112	NYSE:IBM
2013-04-11	211.5	213.09	210.85	212.92	3655566	NYSE:IBM
2013-04-12	210.79	211.49	209.78	211.38	3165897	NYSE:IBM
2013-04-15	210.44	211.69	209.26	209.26	4218575	NYSE:IBM
2013-04-16	210.84	212	209.2	212	2860054	NYSE:IBM
2013-04-17	210.53	211.09	209.5	209.67	3269874	NYSE:IBM
2013-04-18	210.11	210.25	206.15	207.15	6501970	NYSE:IBM
2013-04-19	195.74	196.5	189.76	190	18848883	NYSE:IBM
2013-04-22	191.15	191.38	187.68	187.83	9847065	NYSE:IBM
2013-04-23	189.27	192.56	188.61	191.61	6301279	NYSE:IBM
2013-04-24	192.16	192.5	191.09	191.71	3694008	NYSE:IBM
2013-04-25	192.69	195.17	192.32	193.95	4651956	NYSE:IBM
2013-04-26	194.16	194.71	193.25	194.31	3490234	NYSE:IBM
2013-04-29	194.78	199.68	194.65	199.15	5937395	NYSE:IBM
2013-04-30	199.13	202.59	197.35	202.54	7540835	NYSE:IBM
2013-05-01	201.87	202.17	199.2	199.63	4899267	NYSE:IBM
2013-05-02	200.12	202.43	199.75	202.39	3946539	NYSE:IBM
2013-05-03	203.94	205.32	203.75	204.51	4494744	NYSE:IBM
2013-05-06	203.79	203.99	201.52	202.78	4827188	NYSE:IBM
2013-05-07	202.81	203.73	201.65	203.63	3450976	NYSE:IBM
2013-05-08	202.94	204.85	202.51	204.82	3602292	NYSE:IBM
2013-05-09	204.69	205	202.72	203.24	3542923	NYSE:IBM
2013-05-10	203.37	204.53	202.82	204.47	3279558	NYSE:IBM
2013-05-13	204.18	204.47	202.22	202.47	3651831	NYSE:IBM
2013-05-14	202.09	203.67	202.08	203.21	3701203	NYSE:IBM
2013-05-15	202.25	203.68	202.04	203.32	4030080	NYSE:IBM
2013-05-16	204	206.59	204	204.69	4506972	NYSE:IBM
2013-05-17	205.25	209.5	204.99	208.44	5704295	NYSE:IBM
2013-05-20	208.02	209.15	207.42	207.6	3614453	NYSE:IBM
2013-05-21	207.24	209.48	207	208.65	2982927	NYSE:IBM
2013-05-22	208.5	210.15	206.12	206.99	5187131	NYSE:IBM
2013-05-23	205.48	208.61	205.13	206.16	5180440	NYSE:IBM
2013-05-24	204.69	206.43	204.42	205.72	3295737	NYSE:IBM
2013-05-28	207.44	208.59	207.16	207.78	4011700	NYSE:IBM
2013-05-29	206.22	208.42	206.04	207.92	3439413	NYSE:IBM
2013-05-30	206.97	210.99	206.97	209.36	4400197	NYSE:IBM
2013-05-31	208.59	211.98	208.02	208.02	4950406	NYSE:IBM
2013-06-03	208.25	210.05	207.33	208.95	3323648	NYSE:IBM
2013-06-04	208.6	209	205.08	206.19	3598659	NYSE:IBM
2013-06-05	205.16	206.29	202.4	202.74	4215365	NYSE:IBM
2013-06-06	203.23	204.2	201.47	203.8	3679532	NYSE:IBM
2013-06-07	204.85	206.35	204.11	206.35	2953540	NYSE:IBM
2013-06-10	206.97	206.98	204.9	205.02	2652420	NYSE:IBM
2013-06-11	203.17	205.95	202.51	203.98	2813120	NYSE:IBM
2013-06-12	204.59	205.23	200.51	201.2	3409855	NYSE:IBM
2013-06-13	201.01	204.4	200.34	203.77	2899698	NYSE:IBM
2013-06-14	203.97	204.74	201.81	202.2	2604459	NYSE:IBM
2013-06-17	203.44	205.17	202.55	203.04	3220009	NYSE:IBM
2013-06-18	203.02	206.09	202.87	204.87	3278151	NYSE:IBM
2013-06-19	204.44	205.03	201.93	201.94	2846204	NYSE:IBM
2013-06-20	200.67	201.7	197.28	197.35	4516329	NYSE:IBM
2013-06-21	198.5	198.52	193.54	195.46	8918918	NYSE:IBM
2013-06-24	193.99	194.91	191.34	193.54	4356153	NYSE:IBM
2013-06-25	195.31	195.59	193.15	194.98	3848021	NYSE:IBM
2013-06-26	195.97	196.23	194.5	194.86	3320202	NYSE:IBM
2013-06-27	196.05	196.9	195.29	195.65	3519332	NYSE:IBM
2013-06-28	191.73	192.66	188.41	191.11	10056856	NYSE:IBM
2013-07-01	192.15	193.8	191.12	191.28	4442422	NYSE:IBM
2013-07-02	190.78	193.23	190.26	191.5	3657855	NYSE:IBM
2013-07-03	190.98	194.22	190.51	193.25	1878313	NYSE:IBM
2013-07-05	194.49	195.16	192.35	194.93	2407971	NYSE:IBM
2013-07-08	195.6	195.78	194.61	194.98	2948458	NYSE:IBM
2013-07-09	191.88	192.8	190.78	191.3	5204685	NYSE:IBM
2013-07-10	191.51	193.43	191.27	192.25	3891960	NYSE:IBM
2013-07-11	193.78	194.11	192.61	192.8	4179123	NYSE:IBM
2013-07-12	193.07	193.7	191.59	192.07	4495892	NYSE:IBM
2013-07-15	192.42	194.89	191.68	194	5678238	NYSE:IBM
2013-07-16	194.04	194.58	192.68	193.85	3747394	NYSE:IBM
2013-07-17	194.72	194.89	193.03	194.55	6868411	NYSE:IBM
2013-07-18	198.27	200.94	195.99	197.99	8394310	NYSE:IBM
2013-07-19	197.91	197.99	193.24	193.54	6998591	NYSE:IBM
2013-07-22	193.4	195.79	193.28	194.09	3399461	NYSE:IBM
2013-07-23	194.21	196.43	194.1	194.98	2864114	NYSE:IBM
2013-07-24	195.95	197.3	195.86	196.61	2958239	NYSE:IBM
2013-07-25	196.3	197.83	195.66	197.22	3014255	NYSE:IBM
2013-07-26	196.59	197.37	195	197.35	2485006	NYSE:IBM
2013-07-29	196.83	197.19	195.53	196.21	2113754	NYSE:IBM
2013-07-30	196.99	197.83	195.81	196.01	2663216	NYSE:IBM
2013-07-31	194.49	196.91	194.49	195.04	3809982	NYSE:IBM
2013-08-01	196.65	197.17	195.41	195.81	2877770	NYSE:IBM
2013-08-02	195.5	195.5	193.22	195.16	3873908	NYSE:IBM
2013-08-05	195.16	195.88	194.35	195.5	2492663	NYSE:IBM
2013-08-06	192.26	192.51	190.27	190.99	5939557	NYSE:IBM
2013-08-07	189.6	189.93	188.05	188.56	3901716	NYSE:IBM
2013-08-08	189.45	189.87	186.79	187.93	4547756	NYSE:IBM
2013-08-09	188	189.16	187	187.82	3250000	NYSE:IBM
2013-08-12	186.97	189.56	186.89	189.09	3026839	NYSE:IBM
2013-08-13	189.54	189.99	187.56	188.42	3542932	NYSE:IBM
2013-08-14	188.58	188.93	187.3	187.53	2899115	NYSE:IBM
2013-08-15	186.23	187	185.45	185.79	3692360	NYSE:IBM
2013-08-16	185.54	186.46	185.34	185.34	3427964	NYSE:IBM
2013-08-19	185.3	186.5	183.98	184.23	3251127	NYSE:IBM
2013-08-20	184.37	185.63	183.17	184.56	3122098	NYSE:IBM
2013-08-21	184.67	186.57	184.28	184.86	3551207	NYSE:IBM
2013-08-22	185.65	186.25	184.25	185.19	2354836	NYSE:IBM
2013-08-23	185.34	185.74	184.57	185.42	2295092	NYSE:IBM
2013-08-26	185.27	187	184.68	184.74	2174908	NYSE:IBM
2013-08-27	183.63	184.5	182.57	182.74	3190642	NYSE:IBM
2013-08-28	182.68	183.47	181.1	182.16	3979196	NYSE:IBM
2013-08-29	181.96	183.7	181.44	182.64	2981180	NYSE:IBM
2013-08-30	182.75	182.99	181.51	182.27	2731141	NYSE:IBM
2013-09-03	183.63	184.32	182.51	183.96	3487469	NYSE:IBM
2013-09-04	183.58	184.19	182.31	183.13	2601909	NYSE:IBM
2013-09-05	183.35	185	183.07	184.15	2869883	NYSE:IBM
2013-09-06	184.65	184.99	182.65	183.03	2903717	NYSE:IBM
2013-09-09	183.68	185.49	183.31	184.98	3017439	NYSE:IBM
2013-09-10	187.2	187.65	186.37	186.6	3149830	NYSE:IBM
2013-09-11	186.83	190.87	186.82	190.7	4959558	NYSE:IBM
2013-09-12	190.96	191.32	189.85	190.73	3354845	NYSE:IBM
2013-09-13	191.21	193.1	191	192.17	3710354	NYSE:IBM
2013-09-16	193.7	194.81	192.61	193.15	3907186	NYSE:IBM
2013-09-17	193.42	194.15	191.83	192.16	2931728	NYSE:IBM
2013-09-18	192.6	194.89	192	194.42	3841926	NYSE:IBM
2013-09-19	194.18	194.89	193.22	193.39	3178067	NYSE:IBM
2013-09-20	193.96	194.43	190.02	190.02	8531193	NYSE:IBM
2013-09-23	190.06	192.41	189.33	190.99	3340891	NYSE:IBM
2013-09-24	190.93	191.56	189.66	189.97	3085242	NYSE:IBM
2013-09-25	190.14	190.62	188.5	189.47	2654833	NYSE:IBM
2013-09-26	190.1	191.76	189.46	190.22	2093584	NYSE:IBM
2013-09-27	188.87	188.94	186.45	186.92	3907904	NYSE:IBM
2013-09-30	185.56	186.74	184.34	185.18	3978234	NYSE:IBM
2013-10-01	185.34	186.65	184.65	186.38	2682184	NYSE:IBM
2013-10-02	185.54	186.31	184.41	184.96	3618459	NYSE:IBM
2013-10-03	184.7	184.96	183	183.86	3212240	NYSE:IBM
2013-10-04	184.17	185.13	183.58	184.1	2864163	NYSE:IBM
2013-10-07	181.85	183.31	181.85	182.01	3968362	NYSE:IBM
2013-10-08	181.89	181.99	178.71	178.72	5579833	NYSE:IBM
2013-10-09	179.37	181.67	179.1	181.32	4424359	NYSE:IBM
2013-10-10	183.17	184.77	182.36	184.77	3659606	NYSE:IBM
2013-10-11	185.25	186.23	184.12	186.16	3232828	NYSE:IBM
2013-10-14	185.41	186.99	184.42	186.97	2663207	NYSE:IBM
2013-10-15	185.74	185.94	184.22	184.66	3367275	NYSE:IBM
2013-10-16	185.42	186.73	184.99	186.73	6717979	NYSE:IBM
2013-10-17	173.84	177	172.57	174.83	22368939	NYSE:IBM
2013-10-18	174.8	175	173.25	173.78	10552466	NYSE:IBM
2013-10-21	174.42	174.75	172.63	172.86	7098685	NYSE:IBM
2013-10-22	173.35	175.57	172.95	174.97	6980623	NYSE:IBM
2013-10-23	175.09	175.99	174.4	175.77	5416339	NYSE:IBM
2013-10-24	176.43	177.89	176.25	177.8	5534885	NYSE:IBM
2013-10-25	178.43	179.1	176.26	176.85	4844399	NYSE:IBM
2013-10-28	177.04	177.89	176.2	177.35	3712733	NYSE:IBM
2013-10-29	177.62	182.32	177.5	182.12	8909330	NYSE:IBM
2013-10-30	181.69	182.18	179.86	180.15	5275922	NYSE:IBM
2013-10-31	179.65	181.67	179.04	179.21	4318185	NYSE:IBM
2013-11-01	179.81	180.34	178.88	179.23	3644628	NYSE:IBM
2013-11-04	179.9	180.8	179.34	180.27	3484345	NYSE:IBM
2013-11-05	179.54	179.8	177.71	177.85	6103386	NYSE:IBM
2013-11-06	177.91	179.75	177.78	179.19	4560659	NYSE:IBM
2013-11-07	179.6	181.39	179.6	180	5221281	NYSE:IBM
2013-11-08	178.83	180.08	177.35	179.99	6275035	NYSE:IBM
2013-11-11	180.19	183.39	180.04	182.88	5222299	NYSE:IBM
2013-11-12	182.53	184.05	182.26	183.07	4258623	NYSE:IBM
2013-11-13	182.27	183.55	181.59	183.55	4711276	NYSE:IBM
2013-11-14	180.48	183.2	179.66	182.21	6322676	NYSE:IBM
2013-11-15	182.38	183.28	181.16	183.19	5179511	NYSE:IBM
2013-11-18	183.52	184.99	183.27	184.47	5344864	NYSE:IBM
2013-11-19	184.63	186.2	184.15	185.25	4577037	NYSE:IBM
2013-11-20	185.22	186.24	184.64	185.19	3646117	NYSE:IBM
2013-11-21	185.54	185.75	183.41	184.13	4459451	NYSE:IBM
2013-11-22	183.5	184.99	179.92	181.3	7610518	NYSE:IBM
2013-11-25	180.25	180.75	177.82	178.94	7162374	NYSE:IBM
2013-11-26	178.67	178.94	177.31	177.31	5756174	NYSE:IBM
2013-11-27	177.83	180.18	177.82	178.97	4596474	NYSE:IBM
2013-11-29	179.21	180.76	179	179.68	2870500	NYSE:IBM
2013-12-02	179.46	179.59	177.12	177.48	4561577	NYSE:IBM
2013-12-03	177	178.23	175.64	176.08	5864045	NYSE:IBM
2013-12-04	175.37	177.5	175.16	175.74	5267364	NYSE:IBM
2013-12-05	176.15	176.86	175.28	176.08	4385041	NYSE:IBM
2013-12-06	176.7	178	176.01	177.67	4741119	NYSE:IBM
2013-12-09	177.99	178.15	176.83	177.46	3796620	NYSE:IBM
2013-12-10	176.88	177.67	176.06	177.12	4128386	NYSE:IBM
2013-12-11	177	177.76	175.1	175.2	4090438	NYSE:IBM
2013-12-12	175.06	175.8	173.3	173.37	5671649	NYSE:IBM
2013-12-13	173.52	174.38	172.73	172.8	4184836	NYSE:IBM
2013-12-16	173.04	178.35	172.73	177.85	7521001	NYSE:IBM
2013-12-17	177.36	177.49	175.12	175.76	5476405	NYSE:IBM
2013-12-18	176.45	178.74	174.85	178.7	5698437	NYSE:IBM
2013-12-19	177.88	180.54	177.88	180.22	5929584	NYSE:IBM
2013-12-20	180.08	182	180.02	180.02	7655998	NYSE:IBM
2013-12-23	181.05	182.93	180.61	182.23	4082821	NYSE:IBM
2013-12-24	181.96	183.5	181.91	183.22	1613614	NYSE:IBM
2013-12-26	183.56	185.56	183.51	185.35	3325841	NYSE:IBM
2013-12-27	185.84	186.5	184.56	185.08	3382117	NYSE:IBM
2013-12-30	185.32	186.7	184.67	186.41	3018594	NYSE:IBM
2013-12-31	186.49	187.79	186.3	187.57	3620413	NYSE:IBM
2014-01-02	187.21	187.4	185.2	185.53	4546809	NYSE:IBM
2014-01-03	185.83	187.35	185.3	186.64	4064095	NYSE:IBM
2014-01-06	187.15	187.36	185.3	186	4068105	NYSE:IBM
2014-01-07	186.39	190.35	186.38	189.71	5934322	NYSE:IBM
2014-01-08	189.33	189.42	187.26	187.97	4604105	NYSE:IBM
2014-01-09	189.02	189.5	186.55	187.38	4322284	NYSE:IBM
2014-01-10	188.31	188.57	186.28	187.26	4023089	NYSE:IBM
2014-01-13	186.26	186.95	183.86	184.16	5789107	NYSE:IBM
2014-01-14	185.06	186.43	183.88	185.92	4619509	NYSE:IBM
2014-01-15	185.82	188.65	185.49	187.74	4829291	NYSE:IBM
2014-01-16	187.53	188.99	186.8	188.76	4775167	NYSE:IBM
2014-01-17	188.04	190.81	187.86	190.09	7671146	NYSE:IBM
2014-01-21	190.23	190.39	186.79	188.43	11121410	NYSE:IBM
2014-01-22	181.28	183.5	179.67	182.25	13800586	NYSE:IBM
2014-01-23	181.43	183.72	180.71	182.73	6974334	NYSE:IBM
2014-01-24	181.25	182.81	179.64	179.64	6938768	NYSE:IBM
2014-01-27	179.6	179.65	177.66	177.9	5209244	NYSE:IBM
2014-01-28	178.05	178.45	176.16	176.85	5336989	NYSE:IBM
2014-01-29	175.98	178.53	175.89	176.4	4971142	NYSE:IBM
2014-01-30	177.17	177.86	176.36	177.36	4854397	NYSE:IBM
2014-01-31	176.11	177.84	175.34	176.68	5195381	NYSE:IBM
2014-02-03	176.02	176.02	172.72	172.9	7187767	NYSE:IBM
2014-02-04	173.53	173.75	172.36	172.84	4351180	NYSE:IBM
2014-02-05	172.19	174.97	172.19	174.24	4714375	NYSE:IBM
2014-02-06	173.97	174.85	173.79	174.67	4292478	NYSE:IBM
2014-02-07	175.64	177.56	175.07	177.25	4725647	NYSE:IBM
2014-02-10	176.97	177.65	176.25	177.14	3544486	NYSE:IBM
2014-02-11	176.81	180.39	176.8	179.7	4654207	NYSE:IBM
2014-02-12	179.52	181.25	179.26	180.24	3984148	NYSE:IBM
2014-02-13	178.22	182.36	177.86	181.84	4482761	NYSE:IBM
2014-02-14	181.26	184.43	180.99	183.69	4665873	NYSE:IBM
2014-02-18	183.18	184	182.32	183.19	4435484	NYSE:IBM
2014-02-19	182.74	185.65	182.41	182.95	4671705	NYSE:IBM
2014-02-20	182.96	184.86	182.79	184.26	4968267	NYSE:IBM
2014-02-21	184.25	185.71	182.62	182.79	5699331	NYSE:IBM
2014-02-24	182.82	185.16	182.82	183.45	4595312	NYSE:IBM
2014-02-25	183.52	184.6	182.88	183.23	3902332	NYSE:IBM
2014-02-26	183.94	185.28	183.56	184.06	3740884	NYSE:IBM
2014-02-27	183.83	185.95	183.81	185.27	3827965	NYSE:IBM
2014-02-28	185.38	186.12	183.65	185.17	4668452	NYSE:IBM
2014-03-03	183.33	184.64	182.82	184.26	3952704	NYSE:IBM
2014-03-04	185.81	187.16	185.68	186.44	4734235	NYSE:IBM
2014-03-05	186.57	187.95	186.4	187.14	3487359	NYSE:IBM
2014-03-06	187.37	188.39	186.9	187.64	3817529	NYSE:IBM
2014-03-07	188.35	188.92	187.18	187.68	4117826	NYSE:IBM
2014-03-10	187.55	188.37	185.85	186.39	4594054	NYSE:IBM
2014-03-11	187.41	188.45	186.04	186.76	4229679	NYSE:IBM
2014-03-12	186.01	187.45	185.89	186.22	4833158	NYSE:IBM
2014-03-13	186.41	187	183.71	183.9	4913208	NYSE:IBM
2014-03-14	183.89	184.29	182.21	182.21	5490326	NYSE:IBM
2014-03-17	182.66	186.35	182.66	185.81	4938754	NYSE:IBM
2014-03-18	185.99	187.9	185.54	186.81	3961319	NYSE:IBM
2014-03-19	185.6	186.7	183.5	184.71	4323930	NYSE:IBM
2014-03-20	184.47	188.26	184.17	187.9	5062629	NYSE:IBM
2014-03-21	188.5	188.7	186.4	186.67	12535281	NYSE:IBM
2014-03-24	187.43	189.44	187.37	188.25	5738492	NYSE:IBM
2014-03-25	188.76	195.4	188.7	195.04	10912699	NYSE:IBM
2014-03-26	194.98	195.63	191.96	192.62	6851772	NYSE:IBM
2014-03-27	191.91	192.67	189.32	189.83	6767653	NYSE:IBM
2014-03-28	189.94	192.62	189.11	190.45	5194443	NYSE:IBM
2014-03-31	191.64	193.77	191.4	192.49	8537746	NYSE:IBM
2014-04-01	193.12	195.13	192.78	194.5	5395346	NYSE:IBM
2014-04-02	194.24	194.5	192.49	193.55	4924133	NYSE:IBM
2014-04-03	193.2	193.38	192.35	192.69	4091060	NYSE:IBM
2014-04-04	193.12	193.97	191.28	191.77	6090863	NYSE:IBM
2014-04-07	191.72	195.31	191.57	194.52	6747080	NYSE:IBM
2014-04-08	193.89	194.17	192.69	193.29	5125001	NYSE:IBM
2014-04-09	193.88	197	193.6	196.64	5485124	NYSE:IBM
2014-04-10	196.06	199.21	195.66	195.68	8425601	NYSE:IBM
2014-04-11	195.04	197	194.27	195.19	4835214	NYSE:IBM
2014-04-14	196.24	198.24	195.88	197.77	5433621	NYSE:IBM
2014-04-15	195.98	197.41	195.42	197.02	5353177	NYSE:IBM
2014-04-16	198.05	198.71	195	196.4	8527295	NYSE:IBM
2014-04-17	187.25	190.7	187.01	190.01	11255493	NYSE:IBM
2014-04-21	189.8	192.8	189.74	192.27	5425283	NYSE:IBM
2014-04-22	192.01	193	191.2	192.15	3878619	NYSE:IBM
2014-04-23	191.79	192.41	190.11	191.73	4736919	NYSE:IBM
2014-04-24	192.22	192.22	190.03	190.22	4407352	NYSE:IBM
2014-04-25	190.54	190.67	189.11	189.63	3871407	NYSE:IBM
2014-04-28	191.14	193.99	190.58	193.14	5638334	NYSE:IBM
2014-04-29	193.59	195.94	193.41	195.11	4626352	NYSE:IBM
2014-04-30	194.38	196.86	194.35	196.47	4211284	NYSE:IBM
2014-05-01	196.31	196.74	193.15	193.53	3675823	NYSE:IBM
2014-05-02	193.75	193.84	191.25	191.44	3052953	NYSE:IBM
2014-05-05	191.05	191.49	189.8	191.26	2222168	NYSE:IBM
2014-05-06	190.93	190.95	189.25	190.03	3188706	NYSE:IBM
2014-05-07	189.34	190.3	186.93	189.3	3821023	NYSE:IBM
2014-05-08	189.16	190.57	188.23	188.91	2431945	NYSE:IBM
2014-05-09	188.98	190.59	188.37	190.08	2261739	NYSE:IBM
2014-05-12	191.12	193.02	190.94	192.57	3778611	NYSE:IBM
2014-05-13	192.79	193.03	191.76	192.19	2226997	NYSE:IBM
2014-05-14	191.91	191.99	188.17	188.72	5255970	NYSE:IBM
2014-05-15	189.07	189.08	186.18	186.46	4202556	NYSE:IBM
2014-05-16	186.27	187.41	185.93	187.06	3949644	NYSE:IBM
2014-05-19	186.61	187.13	186.04	187	3270670	NYSE:IBM
2014-05-20	186.25	186.7	184.7	184.89	3032896	NYSE:IBM
2014-05-21	185.85	187.16	184.95	186.39	2988348	NYSE:IBM
2014-05-22	186.45	186.45	185.03	185.68	2218149	NYSE:IBM
2014-05-23	185.84	186.14	185.31	185.94	2563424	NYSE:IBM
2014-05-27	184.8	185.65	183.93	184.78	4794501	NYSE:IBM
2014-05-28	184.48	184.88	182.94	183.08	3724124	NYSE:IBM
2014-05-29	183.64	183.78	182.33	183.76	2759978	NYSE:IBM
2014-05-30	183.38	184.57	182.49	184.36	4620207	NYSE:IBM
2014-06-02	184.76	186.28	184.67	185.69	3204034	NYSE:IBM
2014-06-03	185.55	185.76	184.12	184.37	2517123	NYSE:IBM
2014-06-04	184.71	185.45	184.2	184.51	2376981	NYSE:IBM
2014-06-05	184.66	186.09	183.92	185.98	2861974	NYSE:IBM
2014-06-06	186.47	187.65	185.9	186.37	3296900	NYSE:IBM
2014-06-09	186.22	187.64	185.96	186.22	2728403	NYSE:IBM
2014-06-10	186.2	186.22	183.82	184.29	4157062	NYSE:IBM
2014-06-11	183.61	184.2	182.01	182.25	4065310	NYSE:IBM
2014-06-12	182.48	182.55	180.91	181.22	4425491	NYSE:IBM
2014-06-13	182	183	181.52	182.56	2778984	NYSE:IBM
2014-06-16	182.4	182.71	181.24	182.35	3556218	NYSE:IBM
2014-06-17	181.9	182.81	181.56	182.26	2460857	NYSE:IBM
2014-06-18	182.04	183.61	181.79	183.6	3935653	NYSE:IBM
2014-06-19	184.12	184.47	182.36	182.82	3551276	NYSE:IBM
2014-06-20	182.59	182.67	181.4	181.55	10686834	NYSE:IBM
2014-06-23	181.92	182.25	181	182.14	3231699	NYSE:IBM
2014-06-24	181.5	183	180.65	180.88	3875453	NYSE:IBM
2014-06-25	180.25	180.97	180.06	180.72	2763020	NYSE:IBM
2014-06-26	180.87	181.37	179.27	180.37	3258470	NYSE:IBM
2014-06-27	179.77	182.46	179.66	181.71	4575680	NYSE:IBM
2014-06-30	181.33	181.93	180.26	181.27	4228836	NYSE:IBM
2014-07-01	181.7	187.27	181.7	186.35	6644363	NYSE:IBM
2014-07-02	186.34	188.99	186.17	188.39	5097199	NYSE:IBM
2014-07-03	188.39	188.81	187.35	188.53	2422363	NYSE:IBM
2014-07-07	187.61	188.27	187.44	188.04	2958947	NYSE:IBM
2014-07-08	187.65	188.08	186.37	187.22	3135115	NYSE:IBM
2014-07-09	187.68	188.9	186.89	188.42	3309559	NYSE:IBM
2014-07-10	186.44	188.05	186.21	187.7	3177816	NYSE:IBM
2014-07-11	187.73	188.35	186.7	188	2403840	NYSE:IBM
2014-07-14	188.55	190.44	188.53	189.86	4502202	NYSE:IBM
2014-07-15	189.54	190.08	188.21	188.49	4873452	NYSE:IBM
2014-07-16	192.24	193.36	190.76	192.36	7815648	NYSE:IBM
2014-07-17	192.36	195.95	192	192.49	8872269	NYSE:IBM
2014-07-18	191.96	193.44	190	192.5	8169325	NYSE:IBM
2014-07-21	191.3	191.7	189.25	190.85	4154740	NYSE:IBM
2014-07-22	191.59	194.72	191.56	194.09	4853041	NYSE:IBM
2014-07-23	194.11	194.9	193.57	193.63	3584465	NYSE:IBM
2014-07-24	193.95	195.62	193.75	195.24	3612656	NYSE:IBM
2014-07-25	195.3	195.9	193.79	194.4	3376455	NYSE:IBM
2014-07-28	194.3	196.4	193.65	195.78	3242443	NYSE:IBM
2014-07-29	195.3	195.89	194.54	194.57	3264409	NYSE:IBM
2014-07-30	195.2	195.99	192.9	194	3945601	NYSE:IBM
2014-07-31	192.84	194.29	191.54	191.67	4208005	NYSE:IBM
2014-08-01	190.5	191.5	188.86	189.15	5181080	NYSE:IBM
2014-08-04	189.35	189.95	188.6	189.64	2125935	NYSE:IBM
2014-08-05	188.75	189.2	186.44	187.1	3307945	NYSE:IBM
2014-08-06	185.36	186.88	184.44	185.97	3847046	NYSE:IBM
2014-08-07	186.64	186.68	183.58	184.3	2708935	NYSE:IBM
2014-08-08	184.4	186.67	183.58	186.63	2781936	NYSE:IBM
2014-08-11	187.81	188.36	186.28	187.47	2527208	NYSE:IBM
2014-08-12	187.45	188.69	186.81	187.34	1858635	NYSE:IBM
2014-08-13	188	188.48	187.37	187.95	1797016	NYSE:IBM
2014-08-14	187.57	188.17	186.93	187.88	1929581	NYSE:IBM
2014-08-15	187.85	188.88	186.79	187.38	2815822	NYSE:IBM
2014-08-18	188.1	189.81	187.76	189.36	2420398	NYSE:IBM
2014-08-19	190.04	190.25	189.36	190.07	2040117	NYSE:IBM
2014-08-20	189.86	190.39	189.25	190.1	2177702	NYSE:IBM
2014-08-21	190.9	192.07	190.5	191.23	2497985	NYSE:IBM
2014-08-22	190.77	191.88	190.29	190.41	1940434	NYSE:IBM
2014-08-25	191.39	191.81	190.71	191.16	1726100	NYSE:IBM
2014-08-26	191.02	193.53	191.02	192.99	3175399	NYSE:IBM
2014-08-27	193.03	194.13	191.56	192.25	2190285	NYSE:IBM
2014-08-28	191.47	192.3	190.66	192	1503582	NYSE:IBM
2014-08-29	192.28	192.75	191.14	192.3	2911097	NYSE:IBM
2014-09-02	192.68	192.97	190.93	191.56	2679659	NYSE:IBM
2014-09-03	192.39	192.95	191.86	191.95	1824378	NYSE:IBM
2014-09-04	191.69	192.69	190.06	190.68	2868754	NYSE:IBM
2014-09-05	190.53	191.75	190.09	191.2	2261215	NYSE:IBM
2014-09-08	190.75	191.2	189.51	190.14	2525626	NYSE:IBM
2014-09-09	190.34	190.74	189.78	189.99	2403631	NYSE:IBM
2014-09-10	190.12	192.15	190.1	191.54	2765324	NYSE:IBM
2014-09-11	191.08	192.78	190.12	191.72	2299390	NYSE:IBM
2014-09-12	191.47	191.6	190.57	191.28	2900967	NYSE:IBM
2014-09-15	191.42	192.49	190.58	191.81	2457803	NYSE:IBM
2014-09-16	191.25	193.57	190.82	192.96	2561528	NYSE:IBM
2014-09-17	193.22	193.64	192.3	192.8	3214117	NYSE:IBM
2014-09-18	192.79	194.13	192.71	193.75	2963446	NYSE:IBM
2014-09-19	194.54	195	193.19	194	8854514	NYSE:IBM
2014-09-22	193.72	194.14	192.63	193.11	3317962	NYSE:IBM
2014-09-23	192.75	193.07	191.52	191.62	3301797	NYSE:IBM
2014-09-24	191	192.45	189.88	192.31	3082594	NYSE:IBM
2014-09-25	192.05	192.5	188.97	189.01	4158816	NYSE:IBM
2014-09-26	188.93	190.33	188.61	190.06	2494024	NYSE:IBM
2014-09-29	188.51	189.96	188.12	189.64	2344723	NYSE:IBM
2014-09-30	189.64	190.85	189.15	189.83	2932556	NYSE:IBM
2014-10-01	189.91	190.4	186.79	187.17	3723192	NYSE:IBM
2014-10-02	187.66	187.78	186.24	186.91	2283619	NYSE:IBM
2014-10-03	188.11	189.37	187.56	188.67	3071521	NYSE:IBM
2014-10-06	189.69	190.89	188.71	189.04	2100191	NYSE:IBM
2014-10-07	187.77	188.12	185.54	185.71	2994065	NYSE:IBM
2014-10-08	185.97	189.6	185.61	189.36	2985329	NYSE:IBM
2014-10-09	189.12	189.5	186.09	186.42	2625609	NYSE:IBM
2014-10-10	185.86	187.74	185.1	185.93	5090345	NYSE:IBM
2014-10-13	185.49	186.65	183.42	183.52	3599924	NYSE:IBM
2014-10-14	184.89	185.72	183.59	183.8	3924974	NYSE:IBM
2014-10-15	182.46	183.79	178.75	181.75	6897656	NYSE:IBM
2014-10-16	179.8	181.48	178.69	179.84	5578683	NYSE:IBM
2014-10-17	181.24	182.84	180.22	182.05	4354442	NYSE:IBM
2014-10-20	166.84	170.33	166.69	169.1	23416511	NYSE:IBM
2014-10-21	166.4	166.68	161.68	163.23	20953605	NYSE:IBM
2014-10-22	162.41	165.41	161.1	161.79	11091424	NYSE:IBM
2014-10-23	162.12	162.83	161.54	162.18	7600270	NYSE:IBM
2014-10-24	162.1	162.44	161.45	162.08	6652379	NYSE:IBM
2014-10-27	162	162.91	161.81	161.87	4989437	NYSE:IBM
2014-10-28	162	163.6	161.8	163.6	7896863	NYSE:IBM
2014-10-29	164.33	164.62	162.76	163.46	4741689	NYSE:IBM
2014-10-30	163.5	164.62	163.02	164.35	3895979	NYSE:IBM
2014-10-31	165.48	165.59	163.62	164.4	5818375	NYSE:IBM
2014-11-03	164.25	164.54	163.38	164.36	4690274	NYSE:IBM
2014-11-04	164.34	164.36	162.24	162.65	4247079	NYSE:IBM
2014-11-05	163.13	163.54	161.56	161.82	4104747	NYSE:IBM
2014-11-06	161.28	161.53	160.05	161.46	4067641	NYSE:IBM
2014-11-07	161.42	162.21	160.85	162.07	3494803	NYSE:IBM
2014-11-10	161.9	164.47	161.61	163.49	4958236	NYSE:IBM
2014-11-11	163.7	163.9	162.6	163.3	3535694	NYSE:IBM
2014-11-12	162.28	163	161.76	161.92	3378229	NYSE:IBM
2014-11-13	162	162.8	161.8	162.79	3239726	NYSE:IBM
2014-11-14	162.1	164.49	161.69	164.16	4978415	NYSE:IBM
2014-11-17	164.16	164.97	163.72	164.16	4798933	NYSE:IBM
2014-11-18	164.73	164.75	161.89	161.89	5412495	NYSE:IBM
2014-11-19	162.05	162.1	160.96	161.43	3802631	NYSE:IBM
2014-11-20	160.95	161.5	159.8	160.64	4183102	NYSE:IBM
2014-11-21	161.83	161.95	160.75	160.92	4076875	NYSE:IBM
2014-11-24	161.54	163.86	161.06	162.15	6619032	NYSE:IBM
2014-11-25	162.65	163.5	161.56	161.76	4062378	NYSE:IBM
2014-11-26	161.93	162.1	161.01	161.95	3967223	NYSE:IBM
2014-11-28	162.75	163.37	161.44	162.17	2405512	NYSE:IBM
2014-12-01	161.64	163.32	161.35	161.54	4168384	NYSE:IBM
2014-12-02	162.47	162.73	161.64	162.67	3465747	NYSE:IBM
2014-12-03	162.47	164.52	162	164.52	6434994	NYSE:IBM
2014-12-04	164.01	164.5	163.01	164.05	3862916	NYSE:IBM
2014-12-05	163.61	164.5	162.91	163.27	3013500	NYSE:IBM
2014-12-08	163.29	163.29	161.54	161.86	2851383	NYSE:IBM
2014-12-09	160.84	163.02	160.8	162.99	3865905	NYSE:IBM
2014-12-10	163.01	163.33	160.03	160.51	4082384	NYSE:IBM
2014-12-11	160.82	162.93	160.52	161.07	3989571	NYSE:IBM
2014-12-12	160.25	160.5	155.33	155.38	8611748	NYSE:IBM
2014-12-15	155.93	156.74	152.84	153.06	6500311	NYSE:IBM
2014-12-16	152.03	154.89	150.5	151.41	6782593	NYSE:IBM
2014-12-17	151.52	153.31	151.11	151.93	5139465	NYSE:IBM
2014-12-18	153.58	157.68	153.3	157.68	7302356	NYSE:IBM
2014-12-19	157.49	160.41	157.49	158.51	8864850	NYSE:IBM
2014-12-22	158.33	161.91	158.33	161.44	4682509	NYSE:IBM
2014-12-23	162.23	162.9	161.61	162.24	4044220	NYSE:IBM
2014-12-24	162.88	162.99	161.61	161.82	1869977	NYSE:IBM
2014-12-26	162.27	163.09	162.01	162.34	1912310	NYSE:IBM
2014-12-29	162	162.34	159.45	160.51	3331833	NYSE:IBM
2014-12-30	160.02	160.82	159.79	160.05	2829904	NYSE:IBM
2014-12-31	160.41	161.5	160.38	160.44	4011909	NYSE:IBM
2015-01-02	161.31	163.31	161	162.06	5525466	NYSE:IBM
2015-01-05	161.27	161.27	159.19	159.51	4880389	NYSE:IBM
2015-01-06	159.67	159.96	155.17	156.07	6146712	NYSE:IBM
2015-01-07	157.2	157.2	154.03	155.05	4701839	NYSE:IBM
2015-01-08	156.24	159.04	155.55	158.42	4241113	NYSE:IBM
2015-01-09	158.42	160.34	157.25	159.11	4488347	NYSE:IBM
2015-01-12	159	159.25	155.76	156.44	4187638	NYSE:IBM
2015-01-13	157.26	159.97	155.68	156.81	4377510	NYSE:IBM
2015-01-14	154.86	156.49	153.74	155.8	4690294	NYSE:IBM
2015-01-15	156.69	156.97	154.16	154.57	4251723	NYSE:IBM
2015-01-16	153.82	157.63	153.82	157.14	5756041	NYSE:IBM
2015-01-20	156.7	157.33	154.03	156.95	8392773	NYSE:IBM
2015-01-21	153.03	154.5	151.07	152.09	11897123	NYSE:IBM
2015-01-22	151.94	155.72	151.76	155.39	6120113	NYSE:IBM
2015-01-23	155.03	157.6	154.89	155.87	4834847	NYSE:IBM
2015-01-26	158.26	159.46	155.77	156.36	7888143	NYSE:IBM
2015-01-27	154.94	155.09	152.59	153.67	5659568	NYSE:IBM
2015-01-28	154	154.53	151.55	151.55	4495933	NYSE:IBM
2015-01-29	151.38	155.58	149.52	155.48	8320847	NYSE:IBM
2015-01-30	153.91	155.24	153.04	153.31	6563570	NYSE:IBM
2015-02-02	154	154.66	151.51	154.66	4712247	NYSE:IBM
2015-02-03	154.75	158.6	154.75	158.47	5539406	NYSE:IBM
2015-02-04	157.21	158.71	156.7	156.96	3678459	NYSE:IBM
2015-02-05	157.29	158.59	157.15	157.91	5253637	NYSE:IBM
2015-02-06	157.34	158.08	156.23	156.72	3256452	NYSE:IBM
2015-02-09	156	157.5	155.4	155.75	3057726	NYSE:IBM
2015-02-10	156.74	158.56	155.08	158.56	4440614	NYSE:IBM
2015-02-11	157.76	159.09	157.17	158.2	3626658	NYSE:IBM
2015-02-12	158.72	159.5	158.09	158.52	3333063	NYSE:IBM
2015-02-13	158.78	160.8	158.64	160.4	3706919	NYSE:IBM
2015-02-17	159.75	161.41	159.73	160.96	2894508	NYSE:IBM
2015-02-18	161.86	162.47	160.64	162.19	4358385	NYSE:IBM
2015-02-19	162.05	164.49	161.44	163.89	3504380	NYSE:IBM
2015-02-20	163.64	164.34	162.09	163.65	3352982	NYSE:IBM
2015-02-23	164.23	164.4	162.5	162.91	2714434	NYSE:IBM
2015-02-24	162.49	164.99	161.51	164.83	4701626	NYSE:IBM
2015-02-25	164.94	164.96	162.58	162.81	4004559	NYSE:IBM
2015-02-26	163.74	164.14	159.77	160.87	7110772	NYSE:IBM
2015-02-27	161.05	162.29	160.16	161.94	4410037	NYSE:IBM
2015-03-02	161.68	161.89	159.81	160.48	5917862	NYSE:IBM
2015-03-03	160.27	161.75	160	161.03	3234401	NYSE:IBM
2015-03-04	160.54	160.56	158.72	159.42	3633635	NYSE:IBM
2015-03-05	159.86	161.5	159.7	161.18	3791660	NYSE:IBM
2015-03-06	160.19	161.44	158.06	158.5	4540174	NYSE:IBM
2015-03-09	158.2	161.15	158.2	160.77	5193874	NYSE:IBM
2015-03-10	159.6	160.23	157.81	157.81	4600968	NYSE:IBM
2015-03-11	158.57	159.14	155.94	156.8	5709890	NYSE:IBM
2015-03-12	156.27	158.72	156.27	157.98	4567346	NYSE:IBM
2015-03-13	157.46	157.52	153.4	154.28	6064120	NYSE:IBM
2015-03-16	155.05	157.09	154.8	157.08	3749638	NYSE:IBM
2015-03-17	156.2	157.29	155.37	156.96	3311943	NYSE:IBM
2015-03-18	156.85	160.7	155.8	159.81	5738827	NYSE:IBM
2015-03-19	159.7	160.92	158.81	159.81	3878559	NYSE:IBM
2015-03-20	160.95	163	160.35	162.88	9006417	NYSE:IBM
2015-03-23	162.77	165.35	162.73	164.63	5930127	NYSE:IBM
2015-03-24	164.79	164.89	162.9	163	4346145	NYSE:IBM
2015-03-25	163.08	163.08	159.2	159.2	5428930	NYSE:IBM
2015-03-26	159.27	161.25	158.91	160.59	4396024	NYSE:IBM
2015-03-27	160.79	160.9	159.23	160.4	3477923	NYSE:IBM
2015-03-30	161.31	163.6	161.25	162.67	4138018	NYSE:IBM
2015-03-31	161.08	162.33	160.4	160.5	4255368	NYSE:IBM
2015-04-01	160.23	160.62	158.39	159.18	3700791	NYSE:IBM
2015-04-02	159.52	162.54	158.89	160.45	4671578	NYSE:IBM
2015-04-06	159.69	162.8	158.7	162.04	3465682	NYSE:IBM
2015-04-07	161.67	163.84	161.62	162.07	3147975	NYSE:IBM
2015-04-08	161.72	163.55	161.01	161.85	2524323	NYSE:IBM
2015-04-09	161.7	162.47	160.72	162.34	2263490	NYSE:IBM
2015-04-10	162.34	163.33	161.25	162.86	2515703	NYSE:IBM
2015-04-13	162.37	164	162.36	162.38	3868911	NYSE:IBM
2015-04-14	162.42	162.74	160.79	162.3	2719287	NYSE:IBM
2015-04-15	162.63	164.96	162.5	164.13	3498756	NYSE:IBM
2015-04-16	163.31	163.98	162.54	163.13	3136947	NYSE:IBM
2015-04-17	161.75	161.86	160.03	160.67	4314432	NYSE:IBM
2015-04-20	162.1	166.64	161.9	166.16	9609204	NYSE:IBM
2015-04-21	166.07	167.38	164.05	164.26	9683592	NYSE:IBM
2015-04-22	164.39	166	162.89	165.36	4024789	NYSE:IBM
2015-04-23	165.23	171.91	165.14	170.24	8235607	NYSE:IBM
2015-04-24	170.23	170.85	168.74	169.78	3888439	NYSE:IBM
2015-04-27	170.89	171.49	170.3	170.73	3168575	NYSE:IBM
2015-04-28	170.83	174.69	170.02	173.92	5816654	NYSE:IBM
2015-04-29	173.4	175.13	172.8	174.4	4518381	NYSE:IBM
2015-04-30	173.77	174.28	170.3	171.29	5062913	NYSE:IBM
2015-05-01	173.2	174	172.42	173.67	3312052	NYSE:IBM
2015-05-04	174.47	176.3	173.7	173.97	4027978	NYSE:IBM
2015-05-05	173.51	174.23	171.96	173.08	3593620	NYSE:IBM
2015-05-06	172.9	174.05	168.86	170.05	3612606	NYSE:IBM
2015-05-07	169.63	171.98	169.04	170.99	2472687	NYSE:IBM
2015-05-08	172.94	173.33	172.24	172.68	3092602	NYSE:IBM
2015-05-11	172.65	172.99	170.86	171.12	2661030	NYSE:IBM
2015-05-12	170.55	171.49	168.84	170.55	2962412	NYSE:IBM
2015-05-13	171.24	172.74	170.75	172.28	2457521	NYSE:IBM
2015-05-14	173.5	174.4	173.22	174.05	2439070	NYSE:IBM
2015-05-15	173.91	174.41	172.6	173.26	2916579	NYSE:IBM
2015-05-18	173.44	173.49	172.3	173.06	1970630	NYSE:IBM
2015-05-19	172.97	173.75	171.93	173.48	2523002	NYSE:IBM
2015-05-20	173.33	174.44	172.46	173.76	2300693	NYSE:IBM
2015-05-21	173.32	174.14	173.04	173.34	2295596	NYSE:IBM
2015-05-22	173.04	173.39	172.19	172.22	2849692	NYSE:IBM
2015-05-26	172.11	172.12	169.13	170.13	3854170	NYSE:IBM
2015-05-27	171.16	172.48	170.49	172	2764378	NYSE:IBM
2015-05-28	171.45	171.84	170.66	171.71	1731372	NYSE:IBM
2015-05-29	171.35	171.35	169.65	169.65	4091981	NYSE:IBM
2015-06-01	170.21	171.04	169.03	170.18	2985479	NYSE:IBM
2015-06-02	169.66	170.45	168.43	169.65	2571862	NYSE:IBM
2015-06-03	170.5	171.56	169.63	169.92	2131031	NYSE:IBM
2015-06-04	169.53	170.6	167.93	168.38	3079334	NYSE:IBM
2015-06-05	168.25	168.91	167.2	167.4	3100505	NYSE:IBM
2015-06-08	167.17	167.28	165.02	165.34	3758726	NYSE:IBM
2015-06-09	165.34	166.02	163.37	165.68	3395901	NYSE:IBM
2015-06-10	166.49	169.39	166.06	168.92	4680545	NYSE:IBM
2015-06-11	169.26	170.44	168.54	168.78	3464013	NYSE:IBM
2015-06-12	168.23	168.3	166.69	166.99	3065085	NYSE:IBM
2015-06-15	165.33	166.44	164.25	166.26	4245657	NYSE:IBM
2015-06-16	166.33	167.4	165.91	166.84	3249842	NYSE:IBM
2015-06-17	167	167.85	166.1	167.17	2862993	NYSE:IBM
2015-06-18	167.05	168.72	167.05	168.25	3330864	NYSE:IBM
2015-06-19	167.62	168.42	166.77	166.99	7073984	NYSE:IBM
2015-06-22	167.65	168.34	167.2	167.73	2335796	NYSE:IBM
2015-06-23	168.38	169.97	167.57	168.62	3701637	NYSE:IBM
2015-06-24	168.71	168.84	166.83	166.97	3548093	NYSE:IBM
2015-06-25	167.8	168.13	166.08	166.08	2408885	NYSE:IBM
2015-06-26	166.23	166.81	165.23	165.46	8945985	NYSE:IBM
2015-06-29	163.92	165.35	162.89	162.97	3314684	NYSE:IBM
2015-06-30	163.99	164	162.12	162.66	3597288	NYSE:IBM
2015-07-01	163.97	165.61	163.6	164.49	3214547	NYSE:IBM
2015-07-02	165.05	165.32	164.42	165.09	2852696	NYSE:IBM
2015-07-06	163.83	165.23	163.52	164.73	3079833	NYSE:IBM
2015-07-07	164.94	165.35	162.23	165	3549861	NYSE:IBM
2015-07-08	164	164.94	162.68	163.16	2776286	NYSE:IBM
2015-07-09	165.34	165.51	163.7	163.85	4199708	NYSE:IBM
2015-07-10	165.66	167.4	165.52	166.95	4538349	NYSE:IBM
2015-07-13	167.93	169.89	167.52	169.38	4228963	NYSE:IBM
2015-07-14	169.43	169.54	168.24	168.61	3025263	NYSE:IBM
2015-07-15	168.48	169.27	168	168.53	1998004	NYSE:IBM
2015-07-16	169.47	171.09	169.16	171	3529874	NYSE:IBM
2015-07-17	170.33	172.52	170.1	172.51	4356404	NYSE:IBM
2015-07-20	172.79	173.78	172.14	173.22	7377818	NYSE:IBM
2015-07-21	164.34	166.35	162.02	163.07	13752277	NYSE:IBM
2015-07-22	162.73	163.07	159.7	160.35	7181841	NYSE:IBM
2015-07-23	160.27	162.75	159.83	161.73	5034246	NYSE:IBM
2015-07-24	161.29	161.93	159.41	159.75	3778186	NYSE:IBM
2015-07-27	159	160.18	158.6	159.07	3706240	NYSE:IBM
2015-07-28	159.91	160.19	158.5	160.05	2721040	NYSE:IBM
2015-07-29	160	161.5	159.39	161.09	3378396	NYSE:IBM
2015-07-30	160.5	161.4	159.75	160.96	1994665	NYSE:IBM
2015-07-31	161.4	162.06	160.63	161.99	3580226	NYSE:IBM
2015-08-03	161.7	161.85	157.9	158.71	4615682	NYSE:IBM
2015-08-04	158.4	158.82	156.87	157.6	5260575	NYSE:IBM
2015-08-05	159.1	159.54	157.48	157.9	3472774	NYSE:IBM
2015-08-06	157.13	157.54	156.18	156.32	3004796	NYSE:IBM
2015-08-07	155.89	156.25	154.34	155.12	3794897	NYSE:IBM
2015-08-10	156.77	157.47	156.12	156.75	4613391	NYSE:IBM
2015-08-11	155.96	155.99	154.86	155.51	3167111	NYSE:IBM
2015-08-12	154.26	156.52	153.95	156.16	3624852	NYSE:IBM
2015-08-13	156.06	156.09	154.32	155.07	2533378	NYSE:IBM
2015-08-14	155	156.21	154.58	155.75	3226434	NYSE:IBM
2015-08-17	155.2	156.69	154.7	156.31	2249554	NYSE:IBM
2015-08-18	155.51	156.52	155.25	156.01	2018337	NYSE:IBM
2015-08-19	155.15	155.67	153.41	153.94	4206381	NYSE:IBM
2015-08-20	152.74	153.91	152.5	152.66	3954331	NYSE:IBM
2015-08-21	151.5	153.19	148.7	148.85	7318353	NYSE:IBM
2015-08-24	143.47	147.76	142.32	143.47	10071564	NYSE:IBM
2015-08-25	146.94	147.11	140.62	140.96	6890404	NYSE:IBM
2015-08-26	144.09	146.98	142.14	146.7	6196543	NYSE:IBM
2015-08-27	148.5	148.97	145.66	148.54	4766402	NYSE:IBM
2015-08-28	147.75	148.2	147.18	147.98	4061118	NYSE:IBM
2015-08-31	147.38	148.4	146.26	147.89	4081752	NYSE:IBM
2015-09-01	144.91	144.98	141.85	142.68	5260853	NYSE:IBM
2015-09-02	144.74	145.08	143.18	145.05	4246467	NYSE:IBM
2015-09-03	146.05	148.03	145.77	146.78	3594136	NYSE:IBM
2015-09-04	144.57	145.4	143.32	143.7	4188495	NYSE:IBM
2015-09-08	145.86	147.34	145.66	147.23	3908922	NYSE:IBM
2015-09-09	148.74	149.04	144.85	145.05	3383072	NYSE:IBM
2015-09-10	145.85	147.16	144.51	146.2	3458815	NYSE:IBM
2015-09-11	145.91	147.5	145.67	147.37	3107553	NYSE:IBM
2015-09-14	147.37	147.37	145.41	145.65	3220004	NYSE:IBM
2015-09-15	146.6	147.93	145.76	147.53	2713625	NYSE:IBM
2015-09-16	147.84	148.89	147.54	148.41	2796403	NYSE:IBM
2015-09-17	148.1	149.68	147.3	148.14	3953300	NYSE:IBM
2015-09-18	146.05	146.38	143.98	144.51	7893516	NYSE:IBM
2015-09-21	145.39	146.98	144.92	146.48	3809545	NYSE:IBM
2015-09-22	144.62	145.06	143.77	144.43	3478491	NYSE:IBM
2015-09-23	144.21	144.57	142.75	143.66	2670476	NYSE:IBM
2015-09-24	142.6	145.07	141.95	144.41	3243108	NYSE:IBM
2015-09-25	145.55	146.27	144.53	145.42	3457975	NYSE:IBM
2015-09-28	144.42	145.38	142.47	142.52	4300722	NYSE:IBM
2015-09-29	141.99	142.66	141.15	142.47	4741383	NYSE:IBM
2015-09-30	143.69	145.71	143.66	144.97	3929503	NYSE:IBM
2015-10-01	145.31	145.67	141.59	143.59	3848431	NYSE:IBM
2015-10-02	141.05	144.59	140.56	144.58	3024005	NYSE:IBM
2015-10-05	145.82	149.89	145.82	149.04	4997840	NYSE:IBM
2015-10-06	149.06	150.15	148.49	148.78	2987752	NYSE:IBM
2015-10-07	150.04	150.73	148.86	150.09	2984451	NYSE:IBM
2015-10-08	149.69	153.02	149.29	152.28	4778652	NYSE:IBM
2015-10-09	152.46	153.15	151.27	152.39	3437658	NYSE:IBM
2015-10-12	152.4	152.58	150.85	151.14	3224572	NYSE:IBM
2015-10-13	150.78	150.78	149.18	149.62	3866999	NYSE:IBM
2015-10-14	149.6	150.65	149.02	150.01	3342956	NYSE:IBM
2015-10-15	150.91	151.24	148.58	150.09	3468613	NYSE:IBM
2015-10-16	150.45	151.2	149.26	150.39	3477319	NYSE:IBM
2015-10-19	149.85	149.97	148.38	149.22	6851605	NYSE:IBM
2015-10-20	142.49	142.88	140.27	140.64	16025591	NYSE:IBM
2015-10-21	140.25	142.66	139.3	140.92	6990724	NYSE:IBM
2015-10-22	141.74	145.07	141.62	144.09	5567729	NYSE:IBM
2015-10-23	144.61	145.49	143.7	144.68	5357685	NYSE:IBM
2015-10-26	144.75	145	143.21	143.66	3485889	NYSE:IBM
2015-10-27	143.51	143.83	137.33	137.86	14959822	NYSE:IBM
2015-10-28	137.92	141.23	137.5	140.83	8499070	NYSE:IBM
2015-10-29	140.36	140.82	139.02	140.55	3703190	NYSE:IBM
2015-10-30	140.44	141.33	139.9	140.08	3963724	NYSE:IBM
2015-11-02	140.5	140.52	139.57	140.37	3821750	NYSE:IBM
2015-11-03	140.02	142.8	139.9	141.88	4343956	NYSE:IBM
2015-11-04	142.55	142.65	141.3	141.63	3512977	NYSE:IBM
2015-11-05	141.61	142.38	139.63	139.89	5086860	NYSE:IBM
2015-11-06	138.6	139.55	137.87	138.25	4736659	NYSE:IBM
2015-11-09	137.92	138.08	134.88	135.31	8053801	NYSE:IBM
2015-11-10	135.36	135.74	134.12	135.47	4444862	NYSE:IBM
2015-11-11	136.09	136.2	134.5	135.02	3105380	NYSE:IBM
2015-11-12	134.7	134.7	133.01	133.04	4549589	NYSE:IBM
2015-11-13	132.95	133	131.65	131.75	4551660	NYSE:IBM
2015-11-16	131.79	134.09	131.79	133.71	4163567	NYSE:IBM
2015-11-17	134.22	134.82	133.31	133.82	2801120	NYSE:IBM
2015-11-18	134.79	135.91	134.26	135.82	4130353	NYSE:IBM
2015-11-19	136.21	137.74	136.01	136.74	3545420	NYSE:IBM
2015-11-20	137.37	138.92	137.25	138.5	5153279	NYSE:IBM
2015-11-23	138.53	138.87	137.12	138.46	5137720	NYSE:IBM
2015-11-24	137.65	139.34	137.31	138.6	3358823	NYSE:IBM
2015-11-25	138.37	138.43	137.38	138	3238166	NYSE:IBM
2015-11-27	138	138.81	137.21	138.46	1415840	NYSE:IBM
2015-11-30	138.61	139.9	138.52	139.42	4386853	NYSE:IBM
2015-12-01	139.58	141.4	139.58	141.28	4187445	NYSE:IBM
2015-12-02	140.93	141.21	139.5	139.7	3713061	NYSE:IBM
2015-12-03	140.1	140.73	138.19	138.92	5909588	NYSE:IBM
2015-12-04	138.09	141.02	137.99	140.43	4571608	NYSE:IBM
2015-12-07	140.16	140.41	138.81	139.55	3279376	NYSE:IBM
2015-12-08	138.28	139.06	137.53	138.05	3905155	NYSE:IBM
2015-12-09	137.38	139.84	136.23	136.61	4614993	NYSE:IBM
2015-12-10	137.03	137.85	135.72	136.78	4222329	NYSE:IBM
2015-12-11	135.23	135.44	133.91	134.57	5333767	NYSE:IBM
2015-12-14	135.31	136.14	134.02	135.93	5116906	NYSE:IBM
2015-12-15	137.4	138.97	137.28	137.79	4238546	NYSE:IBM
2015-12-16	139.12	139.65	137.79	139.29	4345474	NYSE:IBM
2015-12-17	139.35	139.5	136.31	136.75	4089539	NYSE:IBM
2015-12-18	136.41	136.96	134.27	134.9	10026106	NYSE:IBM
2015-12-21	135.83	135.83	134.02	135.5	5617475	NYSE:IBM
2015-12-22	135.88	138.19	135.65	137.93	4263828	NYSE:IBM
2015-12-23	138.3	139.3	138.11	138.54	5164916	NYSE:IBM
2015-12-24	138.43	138.88	138.11	138.25	1495226	NYSE:IBM
2015-12-28	137.74	138.04	136.54	137.61	3143412	NYSE:IBM
2015-12-29	138.25	140.06	138.2	139.78	3943691	NYSE:IBM
2015-12-30	139.58	140.44	139.22	139.34	2989367	NYSE:IBM
2015-12-31	139.07	139.1	137.57	137.62	3462077	NYSE:IBM
2016-01-04	135.6	135.97	134.24	135.95	5208900	NYSE:IBM
2016-01-05	136.76	136.89	134.85	135.85	3924793	NYSE:IBM
2016-01-06	134.38	135.58	133.62	135.17	4310939	NYSE:IBM
2016-01-07	133.7	135.02	132.43	132.86	7025760	NYSE:IBM
2016-01-08	133.18	133.82	131.32	131.63	4762706	NYSE:IBM
2016-01-11	131.81	133.82	131.76	133.23	4974436	NYSE:IBM
2016-01-12	133.65	133.78	131.13	132.9	5078678	NYSE:IBM
2016-01-13	133.5	134.28	131.1	131.17	4675089	NYSE:IBM
2016-01-14	131.93	133.79	131.22	132.91	5708301	NYSE:IBM
2016-01-15	130.01	130.88	128.87	130.03	8942710	NYSE:IBM
2016-01-19	130.11	132.1	128.06	128.11	9703914	NYSE:IBM
2016-01-20	118.46	123.99	118	121.86	16133787	NYSE:IBM
2016-01-21	121.3	125.1	120.58	122.91	8845201	NYSE:IBM
2016-01-22	124.67	124.74	121.77	122.5	9237033	NYSE:IBM
2016-01-25	122.1	124.23	121.64	122.08	5427835	NYSE:IBM
2016-01-26	122.25	123.61	122.24	122.59	4613756	NYSE:IBM
2016-01-27	122.73	123.37	120.65	120.96	4999341	NYSE:IBM
2016-01-28	121.26	122.83	121.01	122.22	3942349	NYSE:IBM
2016-01-29	123.28	124.79	122.96	124.79	8208826	NYSE:IBM
2016-02-01	124.4	125.29	123.71	124.83	3570810	NYSE:IBM
2016-02-02	123.67	124.14	122.64	122.94	3279196	NYSE:IBM
2016-02-03	123.99	125.45	122.45	124.72	6222759	NYSE:IBM
2016-02-04	125.08	128.5	125	127.65	5240258	NYSE:IBM
2016-02-05	127.22	128.64	125.85	128.57	7155806	NYSE:IBM
2016-02-08	126	127.51	124.13	126.98	7255939	NYSE:IBM
2016-02-09	126.12	126.93	123.77	124.07	5923690	NYSE:IBM
2016-02-10	125	125.29	119.84	120.19	6436823	NYSE:IBM
2016-02-11	118.78	119.66	116.9	117.85	7236058	NYSE:IBM
2016-02-12	119.26	121.05	118.35	121.04	4921506	NYSE:IBM
2016-02-16	121.83	123.09	121.34	122.74	4027818	NYSE:IBM
2016-02-17	123.71	126.57	123.25	126.1	4814894	NYSE:IBM
2016-02-18	130	134	129.75	132.45	9925974	NYSE:IBM
2016-02-19	132.36	133.65	130.84	133.08	5117316	NYSE:IBM
2016-02-22	133.84	134.31	132.41	133.77	4441519	NYSE:IBM
2016-02-23	133.14	133.41	132.01	132.4	3372962	NYSE:IBM
2016-02-24	131.55	133.49	129.68	132.8	4087400	NYSE:IBM
2016-02-25	133.29	134.51	130.88	134.5	4354669	NYSE:IBM
2016-02-26	134.51	134.92	131.95	132.03	4383322	NYSE:IBM
2016-02-29	132	133.36	130.9	131.03	4376341	NYSE:IBM
2016-03-01	132.24	134.64	132.03	134.37	3786328	NYSE:IBM
2016-03-02	133.7	137.44	133.22	136.3	5168887	NYSE:IBM
2016-03-03	137.22	137.96	136.07	137.8	5146815	NYSE:IBM
2016-03-04	137.54	139.42	137.02	137.8	3966935	NYSE:IBM
2016-03-07	137.28	140.51	136.87	140.15	5161376	NYSE:IBM
2016-03-08	139.71	140.35	137.42	139.07	5539956	NYSE:IBM
2016-03-09	139.31	142.17	139.23	140.41	4378456	NYSE:IBM
2016-03-10	141.24	141.47	138.09	140.19	4018224	NYSE:IBM
2016-03-11	141.73	142.92	140.51	142.36	4354954	NYSE:IBM
2016-03-14	142.01	143.19	141.04	142.78	4047559	NYSE:IBM
2016-03-15	141.74	143.33	141.54	142.96	3707538	NYSE:IBM
2016-03-16	142.62	144.88	142.11	144.79	4200019	NYSE:IBM
2016-03-17	144.78	147.32	144.45	147.04	5820336	NYSE:IBM
2016-03-18	147.4	147.51	145.51	147.09	12081614	NYSE:IBM
2016-03-21	147.3	148.71	146.72	148.63	3714259	NYSE:IBM
2016-03-22	148.06	149.28	147.84	148.1	4054809	NYSE:IBM
2016-03-23	148	148.03	145.13	145.4	4753828	NYSE:IBM
2016-03-24	144.98	148.22	144.49	147.95	5042895	NYSE:IBM
2016-03-28	147.75	148.65	147.23	148.4	3260841	NYSE:IBM
2016-03-29	147.59	149.76	147.5	149.33	3127103	NYSE:IBM
2016-03-30	149.95	150.41	148.32	148.41	3324850	NYSE:IBM
2016-03-31	149.79	153.1	149.36	151.45	6775712	NYSE:IBM
2016-04-01	150.51	152.96	150.25	152.52	3919972	NYSE:IBM
2016-04-04	152.34	153.52	151.91	152.07	3901552	NYSE:IBM
2016-04-05	151.43	151.6	149.65	150	3334931	NYSE:IBM
2016-04-06	149.9	150.15	147.81	150.02	4179157	NYSE:IBM
2016-04-07	149.07	149.6	148	148.25	3651838	NYSE:IBM
2016-04-08	149.06	149.99	148.12	149.35	3293391	NYSE:IBM
2016-04-11	150.26	151.95	149.22	149.25	3832395	NYSE:IBM
2016-04-12	149.61	150.11	148.58	149.63	3592693	NYSE:IBM
2016-04-13	150.75	151.23	149.63	151.23	3167304	NYSE:IBM
2016-04-14	151.5	152.76	150.38	151.16	3163867	NYSE:IBM
2016-04-15	151.04	152.1	150.96	151.72	3526272	NYSE:IBM
2016-04-18	151.75	153.14	151.49	152.53	5911265	NYSE:IBM
2016-04-19	146.47	146.95	142.61	144	13149148	NYSE:IBM
2016-04-20	144.24	147.2	144	146.11	6721442	NYSE:IBM
2016-04-21	146.58	150.12	146.46	149.3	5992604	NYSE:IBM
2016-04-22	149.44	151	147.5	148.5	5190627	NYSE:IBM
2016-04-25	148.16	148.9	147.11	148.81	2845511	NYSE:IBM
2016-04-26	148.65	149.79	147.9	149.08	2978004	NYSE:IBM
2016-04-27	149.35	150.78	148.97	150.47	3086611	NYSE:IBM
2016-04-28	149.75	150.18	146.72	147.07	3771853	NYSE:IBM
2016-04-29	146.49	147.34	144.19	145.94	4217744	NYSE:IBM
2016-05-02	146.56	147	144.43	145.27	3499020	NYSE:IBM
2016-05-03	144.65	144.9	142.9	144.13	3558829	NYSE:IBM
2016-05-04	143.36	145	143.31	144.25	2575776	NYSE:IBM
2016-05-05	145.95	147.3	145.45	146.47	6492015	NYSE:IBM
2016-05-06	144.86	147.97	144.47	147.29	4882514	NYSE:IBM
2016-05-09	147.7	148.2	147.01	147.34	4298800	NYSE:IBM
2016-05-10	148.24	150.04	147.74	149.97	3982554	NYSE:IBM
2016-05-11	149.71	151.09	148.74	148.95	3075213	NYSE:IBM
2016-05-12	149.21	149.39	147.11	148.84	3247675	NYSE:IBM
2016-05-13	148.79	149.86	147.42	147.72	2372098	NYSE:IBM
2016-05-16	147.65	149.99	147.44	149.46	3061873	NYSE:IBM
2016-05-17	149.21	149.5	147.29	148	3489779	NYSE:IBM
2016-05-18	147.99	148.52	146.36	147.34	2482097	NYSE:IBM
2016-05-19	146.48	146.93	143.96	144.93	3618752	NYSE:IBM
2016-05-20	145.71	147.51	145.55	147.25	3576766	NYSE:IBM
2016-05-23	147.61	147.95	146.66	146.77	2088554	NYSE:IBM
2016-05-24	146.88	148.75	146.88	148.31	2827106	NYSE:IBM
2016-05-25	148.93	152.09	148.5	151.69	4347009	NYSE:IBM
2016-05-26	151.55	152.51	151.05	152.44	3042788	NYSE:IBM
2016-05-27	152.35	152.93	152.15	152.84	2456289	NYSE:IBM
2016-05-31	152.56	153.81	152.27	153.74	5836645	NYSE:IBM
2016-06-01	153	153.27	151.54	152.51	2663419	NYSE:IBM
2016-06-02	152.59	153.5	152.12	153.5	2642601	NYSE:IBM
2016-06-03	152.4	153.04	151.7	152.89	2328256	NYSE:IBM
2016-06-06	153.09	153.95	152.34	152.73	2378662	NYSE:IBM
2016-06-07	153.31	153.93	152.66	153.33	4464985	NYSE:IBM
2016-06-08	153.53	154.09	153.04	154	2935036	NYSE:IBM
2016-06-09	152.92	153.76	152.73	153.42	2021796	NYSE:IBM
2016-06-10	152.79	153.33	151.86	152.37	3120563	NYSE:IBM
2016-06-13	151.63	152.5	150.28	151.28	3610407	NYSE:IBM
2016-06-14	151.28	151.79	150.4	151.06	2865833	NYSE:IBM
2016-06-15	151.46	151.79	150.6	150.68	2260406	NYSE:IBM
2016-06-16	150.19	151.3	149	151.06	2449064	NYSE:IBM
2016-06-17	150.96	152.72	150.6	151.99	4663870	NYSE:IBM
2016-06-20	152.6	154.67	152.52	153.61	3572102	NYSE:IBM
2016-06-21	154.16	154.57	153.69	154.05	2760344	NYSE:IBM
2016-06-22	153.75	154.71	152.27	152.92	2833664	NYSE:IBM
2016-06-23	153.45	155.48	152.6	155.35	3969369	NYSE:IBM
2016-06-24	149.97	150.61	146.18	146.59	9082793	NYSE:IBM
2016-06-27	146.18	146.6	142.5	143.5	5166665	NYSE:IBM
2016-06-28	144.78	145.73	144.22	145.7	3997694	NYSE:IBM
2016-06-29	146.5	148.48	146.45	148.46	3367736	NYSE:IBM
2016-06-30	148.86	151.91	148.67	151.78	3967126	NYSE:IBM
2016-07-01	152.19	152.97	151.4	152.35	2658280	NYSE:IBM
2016-07-05	151.19	152	150.76	151.68	2465240	NYSE:IBM
2016-07-06	151.85	152.41	149.92	152.37	2569393	NYSE:IBM
2016-07-07	152.75	153.69	151.89	152.6	2138421	NYSE:IBM
2016-07-08	154	154.6	153.08	154.46	3040593	NYSE:IBM
2016-07-11	154.6	156.04	154.5	155.33	2833712	NYSE:IBM
2016-07-12	156	157.12	155.52	157.04	3843793	NYSE:IBM
2016-07-13	157.75	158.34	157.06	158.02	2746439	NYSE:IBM
2016-07-14	158.81	161.4	158.58	160.28	4637644	NYSE:IBM
2016-07-15	159.9	159.98	158.5	159.78	4476810	NYSE:IBM
2016-07-18	159.3	160.75	158.73	159.86	6729685	NYSE:IBM
2016-07-19	161.78	162.14	157.89	159.58	7120017	NYSE:IBM
2016-07-20	159.97	161.71	159.6	161.36	4376286	NYSE:IBM
2016-07-21	160.75	161.85	159.89	160.45	4048975	NYSE:IBM
2016-07-22	160.78	162.17	160.48	162.07	2520077	NYSE:IBM
2016-07-25	162	162.88	161.75	162.65	2804578	NYSE:IBM
2016-07-26	162.65	163.6	161.37	162.12	2894559	NYSE:IBM
2016-07-27	162.12	162.57	161.18	161.83	2162680	NYSE:IBM
2016-07-28	161.38	161.81	160.71	161.37	2340369	NYSE:IBM
2016-07-29	161.36	161.67	160.03	160.62	3547546	NYSE:IBM
2016-08-01	160.65	161.65	159.84	161.45	2823588	NYSE:IBM
2016-08-02	161.27	161.45	160.36	160.58	3080899	NYSE:IBM
2016-08-03	160.13	160.86	159.8	160.67	2861659	NYSE:IBM
2016-08-04	160.86	161.7	160.12	161.55	2489068	NYSE:IBM
2016-08-05	162	163.51	161.57	163.5	3812370	NYSE:IBM
2016-08-08	162.73	163.27	161.58	162.04	3039306	NYSE:IBM
2016-08-09	162.22	162.77	161.64	161.77	2737530	NYSE:IBM
2016-08-10	162.19	162.66	161.96	162.08	2466675	NYSE:IBM
2016-08-11	162.25	164.95	162.18	163.53	8768585	NYSE:IBM
2016-08-12	163.19	163.46	161.52	161.95	2543079	NYSE:IBM
2016-08-15	162.4	162.97	161.78	161.88	2970415	NYSE:IBM
2016-08-16	161.11	161.93	160.69	160.7	2210229	NYSE:IBM
2016-08-17	160.97	161.16	159.84	160.44	3225919	NYSE:IBM
2016-08-18	160.89	162	160.44	161.36	3652013	NYSE:IBM
2016-08-19	160.84	160.91	159.52	160.04	2815184	NYSE:IBM
2016-08-22	160	160.57	159.13	160	2039331	NYSE:IBM
2016-08-23	160.33	161.34	160.23	160.26	2838137	NYSE:IBM
2016-08-24	159.89	160.18	158.32	159.05	3645837	NYSE:IBM
2016-08-25	159	159.54	158.42	158.63	2575023	NYSE:IBM
2016-08-26	158.88	160.44	157.85	158.32	2498909	NYSE:IBM
2016-08-29	158.83	160.21	158.5	159.72	2475879	NYSE:IBM
2016-08-30	159.76	160.15	158.81	159.4	1813343	NYSE:IBM
2016-08-31	159.66	159.66	158.26	158.88	2323649	NYSE:IBM
2016-09-01	158.32	159.62	158.1	159.54	2358385	NYSE:IBM
2016-09-02	159.88	160.57	159.15	159.55	2315366	NYSE:IBM
2016-09-06	159.88	160.86	159.11	160.35	2994056	NYSE:IBM
2016-09-07	160.19	161.76	160	161.64	2867257	NYSE:IBM
2016-09-08	160.55	161.21	158.76	159	3963164	NYSE:IBM
2016-09-09	158.03	158.4	155.65	155.69	5185972	NYSE:IBM
2016-09-12	155.26	158.53	154.84	158.29	4367529	NYSE:IBM
2016-09-13	157.63	157.93	155.5	155.81	3636719	NYSE:IBM
2016-09-14	155.7	155.87	153.39	154.05	3860553	NYSE:IBM
2016-09-15	154.3	156.33	153.21	155.66	3662573	NYSE:IBM
2016-09-16	155.04	155.4	153.47	153.84	6463644	NYSE:IBM
2016-09-19	154.87	156.19	154.55	154.87	2450117	NYSE:IBM
2016-09-20	155.87	156.57	154.45	154.45	2159092	NYSE:IBM
2016-09-21	154.91	155.68	153.87	155.53	2473895	NYSE:IBM
2016-09-22	156.15	157.22	155.69	156.11	2691115	NYSE:IBM
2016-09-23	155.62	156.04	154.71	154.98	2702153	NYSE:IBM
2016-09-26	154.46	154.46	153.46	153.98	2533325	NYSE:IBM
2016-09-27	154.32	156.77	153.81	156.77	2987195	NYSE:IBM
2016-09-28	156.99	158.62	156.23	158.29	3310008	NYSE:IBM
2016-09-29	158.63	165	157.46	158.11	3374838	NYSE:IBM
2016-09-30	158.9	159.84	158.06	158.85	3596878	NYSE:IBM
2016-10-03	158.06	158.37	157.02	157.61	2227800	NYSE:IBM
2016-10-04	157.67	158.53	155.82	156.46	2884146	NYSE:IBM
2016-10-05	157.07	157.83	156.72	157.08	1684458	NYSE:IBM
2016-10-06	156.84	157.43	155.89	156.88	1950106	NYSE:IBM
2016-10-07	157.14	157.7	154.86	155.67	2671852	NYSE:IBM
2016-10-10	156.71	158.49	156.66	157.02	2481288	NYSE:IBM
2016-10-11	156.73	156.95	153.89	154.79	2901326	NYSE:IBM
2016-10-12	154.97	154.97	153.08	154.29	2963968	NYSE:IBM
2016-10-13	153.7	154.22	152.27	153.72	2909948	NYSE:IBM
2016-10-14	154.47	155.53	154.09	154.45	4358197	NYSE:IBM
2016-10-17	154.45	155.89	154.34	154.77	5890421	NYSE:IBM
2016-10-18	150.02	151	147.79	150.72	12770570	NYSE:IBM
2016-10-19	151.27	152.45	150.83	151.26	4632854	NYSE:IBM
2016-10-20	151.28	152.9	151.02	151.52	4023103	NYSE:IBM
2016-10-21	150.58	151.15	149.56	149.63	4414206	NYSE:IBM
2016-10-24	150.4	151.52	150.4	150.57	2666740	NYSE:IBM
2016-10-25	150.69	151.16	149.83	150.88	2647487	NYSE:IBM
2016-10-26	150.71	152.94	150.26	151.81	2811728	NYSE:IBM
2016-10-27	152.82	154.06	152.02	153.35	4229336	NYSE:IBM
2016-10-28	154.05	154.44	152.18	152.61	3654496	NYSE:IBM
2016-10-31	152.76	154.33	152.76	153.69	3553172	NYSE:IBM
2016-11-01	153.5	153.91	151.74	152.79	3191924	NYSE:IBM
2016-11-02	152.48	153.34	151.67	151.95	3074438	NYSE:IBM
2016-11-03	152.51	153.74	151.8	152.37	2878803	NYSE:IBM
2016-11-04	152.4	153.64	151.87	152.43	2470368	NYSE:IBM
2016-11-07	153.99	156.11	153.84	155.72	3804943	NYSE:IBM
2016-11-08	154.56	155.93	153.06	155.17	3921944	NYSE:IBM
2016-11-09	152.96	155.56	151	154.81	5403688	NYSE:IBM
2016-11-10	157.66	161.16	157.59	160.22	7715807	NYSE:IBM
2016-11-11	159.97	161.34	159.33	161.27	4446630	NYSE:IBM
2016-11-14	161.25	161.86	157.58	158.21	5196498	NYSE:IBM
2016-11-15	158.42	159.15	157.55	158.67	3476996	NYSE:IBM
2016-11-16	158.46	159.55	158.03	159.29	2252806	NYSE:IBM
2016-11-17	159.22	159.93	158.85	159.8	2258716	NYSE:IBM
2016-11-18	159.8	160.72	159.21	160.39	2981633	NYSE:IBM
2016-11-21	160.69	163	160.37	162.77	4637097	NYSE:IBM
2016-11-22	163	163	161.95	162.67	2770789	NYSE:IBM
2016-11-23	161.94	162.38	161.36	161.98	2256165	NYSE:IBM
2016-11-25	161.83	163.19	161.83	163.14	1605344	NYSE:IBM
2016-11-28	163.2	164.66	162.7	164.52	4449355	NYSE:IBM
2016-11-29	164	164.41	163.03	163.53	3148196	NYSE:IBM
2016-11-30	163.35	163.8	162.21	162.22	4397817	NYSE:IBM
2016-12-01	161.95	162.2	158.3	159.82	4635665	NYSE:IBM
2016-12-02	159	160.29	158.41	160.02	2740867	NYSE:IBM
2016-12-05	160.85	161.15	159.59	159.84	3447052	NYSE:IBM
2016-12-06	160.13	160.79	158.93	160.35	2858962	NYSE:IBM
2016-12-07	160.6	165.18	160.39	164.79	4435050	NYSE:IBM
2016-12-08	164.87	166	164.22	165.36	3266436	NYSE:IBM
2016-12-09	165.18	166.72	164.6	166.52	3146930	NYSE:IBM
2016-12-12	166.72	166.79	165.07	165.5	3392331	NYSE:IBM
2016-12-13	165.68	169.95	165.68	168.29	5932271	NYSE:IBM
2016-12-14	168.37	169.89	167.45	168.51	4124161	NYSE:IBM
2016-12-15	168.01	169.85	167.78	168.02	3388570	NYSE:IBM
2016-12-16	168.97	169.11	166.06	166.73	7120572	NYSE:IBM
2016-12-19	166.83	167.26	166	166.68	2955906	NYSE:IBM
2016-12-20	167.49	168.25	166.45	167.6	2174569	NYSE:IBM
2016-12-21	166.25	167.94	165.25	167.33	3575721	NYSE:IBM
2016-12-22	167.36	168.23	166.58	167.06	2802631	NYSE:IBM
2016-12-23	167	167.49	166.45	166.71	1701228	NYSE:IBM
2016-12-27	166.98	167.98	166.85	167.14	1397455	NYSE:IBM
2016-12-28	167.29	167.74	166	166.19	1757500	NYSE:IBM
2016-12-29	166.02	166.99	166	166.6	1663542	NYSE:IBM
2016-12-30	166.44	166.7	165.5	165.99	2952825	NYSE:IBM
2017-01-03	167	167.87	166.01	167.19	2934299	NYSE:IBM
2017-01-04	167.77	169.87	167.36	169.26	3381432	NYSE:IBM
2017-01-05	169.25	169.39	167.26	168.7	2682301	NYSE:IBM
2017-01-06	168.69	169.92	167.52	169.53	2945536	NYSE:IBM
2017-01-09	169.47	169.8	167.62	167.65	3189891	NYSE:IBM
2017-01-10	167.98	168.09	165.34	165.52	4118694	NYSE:IBM
2017-01-11	166.05	167.76	165.6	167.75	3599464	NYSE:IBM
2017-01-12	167.77	168.01	165.56	167.95	2927973	NYSE:IBM
2017-01-13	167.97	168.48	166.88	167.34	2875433	NYSE:IBM
2017-01-17	166.69	168.18	166.12	167.89	3315655	NYSE:IBM
2017-01-18	167.45	168.59	166.69	166.8	4007779	NYSE:IBM
2017-01-19	166.96	167.45	165.8	166.81	6963386	NYSE:IBM
2017-01-20	167.81	170.64	166	170.55	12690029	NYSE:IBM
2017-01-23	170.08	171.25	170.01	171.03	5478224	NYSE:IBM
2017-01-24	171.36	176	171.16	175.9	6952369	NYSE:IBM
2017-01-25	176.26	179.25	176.13	178.29	5922462	NYSE:IBM
2017-01-26	178.06	178.88	177.51	178.66	3063924	NYSE:IBM
2017-01-27	178.47	179.2	177.3	177.3	3482311	NYSE:IBM
2017-01-30	176.98	177.07	174.58	175.8	4094755	NYSE:IBM
2017-01-31	175.05	175.58	173.61	174.52	4138962	NYSE:IBM
2017-02-01	175	175.7	172.89	174.29	2795745	NYSE:IBM
2017-02-02	174.23	174.97	173.55	174.58	2620526	NYSE:IBM
2017-02-03	175	176.34	174.89	175.82	3309288	NYSE:IBM
2017-02-06	175.31	175.98	174.38	175.86	2650785	NYSE:IBM
2017-02-07	176	178.62	175.9	178.46	3873455	NYSE:IBM
2017-02-08	177.5	177.5	175.88	176.17	2913126	NYSE:IBM
2017-02-09	176.17	177.8	175.91	177.21	3090710	NYSE:IBM
2017-02-10	177.37	178.87	176.76	178.68	2930710	NYSE:IBM
2017-02-13	179.24	179.9	178.84	179.36	3093372	NYSE:IBM
2017-02-14	178.57	180.13	178.35	180.13	2776528	NYSE:IBM
2017-02-15	180.2	181.92	179.81	181.68	2914292	NYSE:IBM
2017-02-16	181.45	182.79	180.87	181.43	3251547	NYSE:IBM
2017-02-17	181.25	181.57	180	180.67	3552495	NYSE:IBM
2017-02-21	180.6	180.79	179.12	180.26	4480299	NYSE:IBM
2017-02-22	180.09	181.34	180.09	181.15	3020540	NYSE:IBM
2017-02-23	182	182.5	180.92	181.65	2282526	NYSE:IBM
2017-02-24	180.21	181.49	179.89	181.35	3300093	NYSE:IBM
2017-02-27	181.19	181.25	179.28	179.4	3691327	NYSE:IBM
2017-02-28	179.38	180.63	179.35	179.82	3273420	NYSE:IBM
2017-03-01	180.48	182.55	180.03	181.95	3005564	NYSE:IBM
2017-03-02	181.88	181.88	180.43	180.53	2918183	NYSE:IBM
2017-03-03	180.04	181.32	179.76	180.05	1825048	NYSE:IBM
